"BOARD_PIC_NO","BOARD_PIC_PATH","BOARD_PIC_NM","BOARD_PIC_ORIGINAL","BOARD_PIC_LEVEL","BOARD_NO"
224,"/resources/images/board/20211227184042_91144.gif","","",,326
225,"/resources/images/board/20211227184213_70194.gif","","",,327
226,"/resources/images/board/20211227185529_45089.gif","","",,328
227,"/resources/images/board/20211227194531_82920.JPG","","",,329
307,"/resources/images/board/","20211228115816_01935.PNG","3.PNG",0,385
229,"/resources/images/board/20211227194630_82841.JPG","","",,331
230,"/resources/images/board/","20211227185812_38487.jfif","2.jfif",0,332
231,"/resources/images/board/","20211227185812_82253.jfif","3.jfif",3,332
232,"/resources/images/board/","20211227185812_72039.jfif","1.jfif",1,332
304,"","","",,387
234,"/resources/images/board/20211227185859_03595.png","","",,334
235,"/resources/images/board/","20211227190008_74145.jfif","c.jfif",0,335
236,"/resources/images/board/","20211227190008_64798.jfif","d.jfif",4,335
237,"/resources/images/board/","20211227190008_36873.jfif","b.jfif",2,335
238,"/resources/images/board/","20211227190008_99204.jfif","a.jfif",1,335
239,"/resources/images/board/","20211227190008_13152.jpg","dogimage2.jpg",0,336
240,"/resources/images/board/","20211227190125_46865.jpg","ZA.26979286.1-1200x.jpg",0,337
241,"/resources/images/board/","20211227190143_17339.jfif","b.jfif",0,338
242,"/resources/images/board/","20211227190143_71236.jfif","1.jfif",2,338
243,"/resources/images/board/","20211227190143_56534.jfif","c.jfif",1,338
244,"/resources/images/board/","20211227190216_00970.jpg","qwe.jpg",0,339
245,"/resources/images/board/","20211227190216_00331.jfif","c.jfif",4,339
246,"/resources/images/board/","20211227190216_94642.jfif","d.jfif",3,339
247,"/resources/images/board/","20211227190216_84228.jfif","2.jfif",2,339
248,"/resources/images/board/","20211227190216_99710.jfif","a.jfif",1,339
249,"/resources/images/board/20211227190237_28486.jfif","","",,340
250,"/resources/images/board/","20211227190252_47815.jfif","a.jfif",0,341
251,"/resources/images/board/","20211227190252_99485.jpg","123132.jpg",1,341
252,"/resources/images/board/20211227194506_52997.jpg","","",,342
253,"","","",,343
254,"/resources/images/board/","20211227190341_55270.jfif","d.jfif",0,344
255,"/resources/images/board/","20211227190341_20682.jfif","zxc.jfif",2,344
256,"/resources/images/board/","20211227190341_61592.gif","qwe123.gif",1,344
257,"/resources/images/board/","20211227190417_83591.jfif","images (1).jfif",0,345
258,"","","",,346
259,"/resources/images/board/20211227194553_52585.jpg","","",,347
260,"/resources/images/board/","20211227190547_17986.jfif","1.jfif",0,348
261,"/resources/images/board/20211227190649_36487.jfif","","",,349
270,"/resources/images/board/","20211227190839_32051.jpg","dog2.jpg",0,353
271,"/resources/images/board/","20211227190850_96622.jpg","dogimage2.jpg",0,354
272,"","","",,355
265,"/resources/images/board/","20211227190724_44332.jpg","",0,350
266,"/resources/images/board/","20211227190724_07224.JPG","",2,350
267,"/resources/images/board/","20211227190724_94760.JPG","",1,350
268,"/resources/images/board/20211227190754_30561.jfif","","",,351
269,"/resources/images/board/","20211227190810_18304.JPG","dogimage1.JPG",0,352
273,"/resources/images/board/20211227194710_01853.jpg","","",,356
274,"/resources/images/board/","20211227191007_90343.jfif","c.jfif",0,357
275,"","","",,361
276,"/resources/images/board/","20211227191110_76537.jfif","a.jfif",0,362
277,"/resources/images/board/","20211227191110_10317.jfif","2.jfif",1,362
278,"/resources/images/board/20211227191742_17087.jpg","","",,363
279,"/resources/images/board/","20211227191858_27079.jfif","x.jfif",0,364
280,"/resources/images/board/","20211227191858_77946.jfif","z.jfif",1,364
281,"/resources/images/board/","20211227192327_61702.jfif","c.jfif",0,365
282,"/resources/images/board/","20211227192327_68064.jpg","123132.jpg",1,365
283,"/resources/images/board/","20211227192400_59241.jpg","qwe.jpg",0,366
284,"/resources/images/board/","20211227192420_78889.jfif","zxc.jfif",0,367
285,"/resources/images/board/","20211227192605_45573.jfif","z.jfif",0,368
286,"/resources/images/board/","20211227192605_50198.jfif","1.jfif",1,368
287,"/resources/images/board/","20211227192636_46752.jpg","cat1.jpg",0,369
288,"","","",,370
289,"/resources/images/board/","20211227192812_10605.jfif","5.jfif",0,371
290,"/resources/images/board/","20211227192903_52429.jfif","7.jfif",0,372
291,"https://web-wit.s3.ap-northeast-2.amazonaws.com/images/story/358/story_1637237352.gif","","",,373
292,"/resources/images/board/20211227193013_97839.gif","","",,374
293,"/resources/images/board/","20211227193058_86133.jfif","88.jfif",0,375
294,"/resources/images/board/20211227193218_47682.png","","",,376
295,"/resources/images/board/","20211227193233_13656.jpg","1q2w.jpg",0,377
296,"/resources/images/board/","20211227200657_47562.jpg","dog1.jpg",0,378
297,"/resources/images/board/","20211227200742_70992.jpg","봉국1.jpg",0,379
298,"","","",,380
299,"","","",,381
300,"","","",,382
301,"/resources/images/board/20211228094644_59073.jfif","","",,383
310,"","","",,390
303,"","","",,386
305,"/resources/images/board/","20211227185736_02706.PNG","",1,330
306,"/resources/images/board/","20211228114043_68177.jfif","다운로드.jfif",0,330
308,"/resources/images/board/","20211228123435_84045.png","KakaoTalk_20211228_114439771.png",0,388
309,"","","",,389
322,"","","",,398
312,"/resources/images/board/","20211228143013_63404.PNG","",1,391
313,"/resources/images/board/","20211228143047_85813.PNG","3.PNG",0,391
314,"/resources/images/board/20211228150518_33314.PNG","","",,392
321,"/resources/images/board/","20211228151114_51355.jpg","KakaoTalk_20211228_151015782.jpg",0,397
323,"","","",,407
324,"","","",,410
325,"/resources/images/board/20211228151417_08998.jpg","","",,411
326,"/resources/images/board/","20211228151614_05401.png","loopy.png",0,415
327,"/resources/images/board/20211228151725_37279.JPG","","",,416
328,"/resources/images/board/20211228151810_93377.PNG","","",,417
333,"/resources/images/board/","20211228151934_47861.PNG","",4,418
334,"/resources/images/board/","20211228151934_05533.PNG","",3,418
335,"/resources/images/board/","20211228151934_04626.PNG","",2,418
336,"/resources/images/board/","20211228151934_13676.PNG","",1,418
337,"/resources/images/board/","20211228152000_76884.PNG","캡처.PNG",0,418
338,"/resources/images/board/","20211228152100_77714.jpg","KakaoTalk_20211228_152022809.jpg",0,419
339,"/resources/images/board/","20211228152100_80544.jpg","KakaoTalk_20211228_152022809_01.jpg",1,419
340,"","","",,420
